GA,50th,5th,95th,SD
21.285714285714285,6.261470568758313,5.202929793522265,7.320011343994362,0.643547096161936
21.322931577440595,6.280969471956463,5.2224286967204145,7.3395102471925115,0.643547096161936
21.360148869166903,6.300466973961458,5.24192619872541,7.359007749197507,0.643547096161936
21.397366160893213,6.3199630747732956,5.261422299537247,7.378503850009344,0.643547096161936
21.434583452619524,6.339457774391977,5.280916999155928,7.397998549628025,0.643547096161936
21.471800744345835,6.358951072817505,5.300410297581457,7.417491848053554,0.643547096161936
21.509018036072142,6.37844297004987,5.319902194813822,7.436983745285919,0.643547096161936
21.546235327798453,6.397933466089085,5.339392690853036,7.456474241325133,0.643547096161936
21.583452619524763,6.417422560935141,5.358881785699093,7.47596333617119,0.643547096161936
21.620669911251074,6.436910254588043,5.378369479351995,7.495451029824092,0.643547096161936
21.65788720297738,6.456396547047784,5.397855771811735,7.514937322283832,0.643547096161936
21.695104494703692,6.475881438314372,5.417340663078323,7.53442221355042,0.643547096161936
21.732321786430003,6.495364928387802,5.436824153151753,7.55390570362385,0.643547096161936
21.76953907815631,6.5148470172680755,5.456306242032027,7.573387792504124,0.643547096161936
21.80675636988262,6.534327704955191,5.475786929719143,7.59286848019124,0.643547096161936
21.84397366160893,6.553806991449155,5.495266216213106,7.612347766685203,0.643547096161936
21.881190953335242,6.573284876749958,5.51474410151391,7.631825651986007,0.643547096161936
21.91840824506155,6.592761360857607,5.534220585621559,7.651302136093656,0.643547096161936
21.95562553678786,6.612236443772097,5.553695668536048,7.670777219008145,0.643547096161936
21.99284282851417,6.631710125493435,5.573169350257387,7.690250900729484,0.643547096161936
22.030060120240478,6.6511824060216105,5.592641630785562,7.709723181257659,0.643547096161936
22.06727741196679,6.670653285356631,5.612112510120583,7.72919406059268,0.643547096161936
22.1044947036931,6.6901227634985,5.631581988262451,7.748663538734548,0.643547096161936
22.14171199541941,6.709590840447208,5.65105006521116,7.768131615683257,0.643547096161936
22.178929287145717,6.729057516202761,5.670516740966712,7.787598291438809,0.643547096161936
22.216146578872028,6.748522790765157,5.689982015529108,7.807063566001205,0.643547096161936
22.25336387059834,6.767986664134399,5.70944588889835,7.826527439370447,0.643547096161936
22.29058116232465,6.7874491363104825,5.728908361074434,7.845989911546531,0.643547096161936
22.327798454050956,6.8069102072934085,5.74836943205736,7.865450982529457,0.643547096161936
22.365015745777267,6.826369877083178,5.76782910184713,7.884910652319227,0.643547096161936
22.402233037503578,6.845828145679795,5.787287370443747,7.904368920915844,0.643547096161936
22.439450329229885,6.865285013083249,5.806744237847201,7.923825788319298,0.643547096161936
22.476667620956196,6.884740479293552,5.826199704057504,7.943281254529601,0.643547096161936
22.513884912682506,6.904194544310697,5.845653769074649,7.962735319546746,0.643547096161936
22.551102204408817,6.923647208134688,5.8651064328986395,7.9821879833707365,0.643547096161936
22.588319496135124,6.943098470765517,5.884557695529469,8.001639246001565,0.643547096161936
22.625536787861435,6.962548332203194,5.904007556967145,8.021089107439241,0.643547096161936
22.662754079587746,6.981996792447712,5.923456017211664,8.04053756768376,0.643547096161936
22.699971371314057,7.001443851499077,5.942903076263028,8.059984626735124,0.643547096161936
22.737188663040364,7.020889509357279,5.962348734121231,8.079430284593327,0.643547096161936
22.774405954766674,7.0403337660223295,5.981792990786281,8.098874541258377,0.643547096161936
22.811623246492985,7.0597766214942235,6.001235846258175,8.118317396730271,0.643547096161936
22.848840538219292,7.079218075772958,6.020677300536909,8.137758851009005,0.643547096161936
22.886057829945603,7.098658128858541,6.040117353622493,8.157198904094589,0.643547096161936
22.923275121671914,7.118096780750963,6.0595560055149145,8.17663755598701,0.643547096161936
22.960492413398224,7.137534031450232,6.078993256214184,8.19607480668628,0.643547096161936
22.99770970512453,7.156969880956342,6.098429105720293,8.21551065619239,0.643547096161936
23.034926996850842,7.176404329269297,6.117863554033248,8.234945104505345,0.643547096161936
23.072144288577153,7.195837376389094,6.137296601153046,8.254378151625142,0.643547096161936
23.109361580303464,7.215269022315739,6.15672824707969,8.273809797551786,0.643547096161936
23.14657887202977,7.23469926704922,6.176158491813172,8.293240042285268,0.643547096161936
23.18379616375608,7.2541281105895505,6.195587335353502,8.312668885825598,0.643547096161936
23.221013455482392,7.273555552936723,6.215014777700675,8.33209632817277,0.643547096161936
23.2582307472087,7.292981594090739,6.234440818854691,8.351522369326787,0.643547096161936
23.29544803893501,7.312406234051598,6.253865458815549,8.370947009287645,0.643547096161936
23.33266533066132,7.331829472819302,6.273288697583253,8.39037024805535,0.643547096161936
23.36988262238763,7.351251310393848,6.292710535157799,8.409792085629896,0.643547096161936
23.40709991411394,7.370671746775238,6.312130971539189,8.429212522011285,0.643547096161936
23.44431720584025,7.39009078196347,6.331550006727421,8.448631557199517,0.643547096161936
23.48153449756656,7.409508415958547,6.350967640722499,8.468049191194595,0.643547096161936
23.51875178929287,7.428924648760469,6.37038387352442,8.487465423996516,0.643547096161936
23.555969081019178,7.44833948036923,6.389798705133182,8.506880255605278,0.643547096161936
23.59318637274549,7.4677529107848395,6.409212135548791,8.526293686020887,0.643547096161936
23.6304036644718,7.487164940007291,6.428624164771242,8.545705715243338,0.643547096161936
23.667620956198107,7.5065755680365855,6.448034792800537,8.565116343272633,0.643547096161936
23.704838247924418,7.5259847948727225,6.467444019636674,8.58452557010877,0.643547096161936
23.74205553965073,7.545392620515707,6.486851845279658,8.603933395751755,0.643547096161936
23.779272831377035,7.56479904496553,6.506258269729481,8.623339820201577,0.643547096161936
23.816490123103346,7.5842040682222,6.5256632929861516,8.642744843458248,0.643547096161936
23.853707414829657,7.603607690285712,6.545066915049664,8.66214846552176,0.643547096161936
23.890924706555968,7.62300991115607,6.564469135920022,8.681550686392118,0.643547096161936
23.92814199828228,7.6424107308332685,6.58386995559722,8.700951506069316,0.643547096161936
23.965359290008585,7.661810149317312,6.603269374081264,8.72035092455336,0.643547096161936
24.002576581734896,7.681208166608198,6.62266739137215,8.739748941844246,0.643547096161936
24.039793873461207,7.700604782705931,6.642064007469883,8.759145557941979,0.643547096161936
24.077011165187514,7.719999997610501,6.661459222374453,8.778540772846549,0.643547096161936
24.114228456913825,7.739393811321919,6.68085303608587,8.797934586557966,0.643547096161936
24.151445748640135,7.758786223840182,6.700245448604133,8.81732699907623,0.643547096161936
24.188663040366443,7.778177235165283,6.719636459929235,8.83671801040133,0.643547096161936
24.225880332092753,7.797566845297234,6.739026070061185,8.856107620533281,0.643547096161936
24.263097623819064,7.816955054236025,6.758414278999976,8.875495829472072,0.643547096161936
24.300314915545375,7.836341861981661,6.777801086745613,8.894882637217709,0.643547096161936
24.337532207271682,7.855727268534136,6.797186493298088,8.914268043770184,0.643547096161936
24.374749498997993,7.87511127389346,6.816570498657412,8.933652049129508,0.643547096161936
24.411966790724303,7.8944938780596265,6.835953102823578,8.953034653295674,0.643547096161936
24.449184082450614,7.913875081032637,6.855334305796588,8.972415856268684,0.643547096161936
24.48640137417692,7.933254882812487,6.874714107576438,8.991795658048535,0.643547096161936
24.523618665903232,7.952633283399186,6.894092508163138,9.011174058635234,0.643547096161936
24.560835957629543,7.972010282792724,6.913469507556676,9.030551058028772,0.643547096161936
24.59805324935585,7.991385880993108,6.9328451057570595,9.049926656229156,0.643547096161936
24.63527054108216,8.010760078000335,6.952219302764286,9.069300853236383,0.643547096161936
24.67248783280847,8.030132873814406,6.971592098578357,9.088673649050454,0.643547096161936
24.709705124534782,8.04950426843532,6.990963493199272,9.10804504367137,0.643547096161936
24.74692241626109,8.06887426186308,7.010333486627031,9.127415037099128,0.643547096161936
24.7841397079874,8.088242854097679,7.0297020788616305,9.146783629333727,0.643547096161936
24.82135699971371,8.107610045139122,7.0490692699030735,9.16615082037517,0.643547096161936
24.85857429144002,8.126975834987412,7.068435059751364,9.18551661022346,0.643547096161936
24.89579158316633,8.146340223642543,7.087799448406495,9.204880998878592,0.643547096161936
24.93300887489264,8.165703211104518,7.107162435868469,9.224243986340566,0.643547096161936
24.97022616661895,8.185064797373336,7.126524022137287,9.243605572609384,0.643547096161936
25.007443458345257,8.204424982449002,7.145884207212953,9.26296575768505,0.643547096161936
25.044660750071568,8.223783766331504,7.165242991095456,9.282324541567553,0.643547096161936
25.08187804179788,8.243141149020857,7.184600373784809,9.301681924256906,0.643547096161936
25.11909533352419,8.262497130517048,7.203956355280999,9.321037905753096,0.643547096161936
25.156312625250496,8.281851710820085,7.223310935584037,9.340392486056134,0.643547096161936
25.193529916976807,8.301204889929966,7.242664114693918,9.359745665166015,0.643547096161936
25.230747208703118,8.320556667846692,7.262015892610643,9.37909744308274,0.643547096161936
25.26796450042943,8.339907044570257,7.2813662693342085,9.398447819806306,0.643547096161936
25.305181792155736,8.35925602010067,7.300715244864621,9.417796795336718,0.643547096161936
25.342399083882047,8.378603594437923,7.320062819201874,9.437144369673971,0.643547096161936
25.379616375608357,8.397949767582023,7.339408992345975,9.456490542818072,0.643547096161936
25.416833667334664,8.41729453953296,7.358753764296912,9.475835314769009,0.643547096161936
25.454050959060975,8.436637910290749,7.3780971350547,9.495178685526797,0.643547096161936
25.491268250787286,8.455979879855377,7.397439104619329,9.514520655091426,0.643547096161936
25.528485542513593,8.475320448226846,7.416779672990797,9.533861223462894,0.643547096161936
25.565702834239904,8.494659615405162,7.436118840169113,9.55320039064121,0.643547096161936
25.602920125966214,8.513997381390322,7.455456606154273,9.57253815662637,0.643547096161936
25.640137417692525,8.533333746182326,7.474792970946277,9.591874521418374,0.643547096161936
25.677354709418836,8.552668709781173,7.494127934545125,9.611209485017222,0.643547096161936
25.714572001145143,8.572002272186861,7.5134614969508124,9.63054304742291,0.643547096161936
25.751789292871454,8.591334433399393,7.532793658163344,9.649875208635441,0.643547096161936
25.789006584597765,8.610665193418772,7.552124418182723,9.66920596865482,0.643547096161936
25.82622387632407,8.629994552244991,7.5714537770089425,9.68853532748104,0.643547096161936
25.863441168050382,8.649322509878058,7.590781734642009,9.707863285114106,0.643547096161936
25.900658459776693,8.668649066317965,7.610108291081916,9.727189841554013,0.643547096161936
25.937875751503,8.687974221564716,7.629433446328667,9.746514996800764,0.643547096161936
25.97509304322931,8.70729797561831,7.648757200382262,9.765838750854359,0.643547096161936
26.01231033495562,8.726620328478749,7.6680795532427,9.785161103714797,0.643547096161936
26.049527626681932,8.745941280146031,7.6874005049099825,9.80448205538208,0.643547096161936
26.086744918408243,8.765260830620157,7.706720055384109,9.823801605856206,0.643547096161936
26.12396221013455,8.784578979901124,7.726038204665075,9.843119755137172,0.643547096161936
26.16117950186086,8.803895727988937,7.745354952752889,9.862436503224986,0.643547096161936
26.19839679358717,8.823211074883595,7.7646702996475465,9.881751850119644,0.643547096161936
26.23561408531348,8.84252502058509,7.783984245349041,9.901065795821138,0.643547096161936
26.27283137703979,8.861837565093435,7.803296789857386,9.920378340329483,0.643547096161936
26.3100486687661,8.88114870840862,7.822607933172572,9.939689483644669,0.643547096161936
26.347265960492408,8.900458450530653,7.841917675294605,9.958999225766702,0.643547096161936
26.38448325221872,8.919766791459523,7.861226016223474,9.978307566695571,0.643547096161936
26.42170054394503,8.939073731195244,7.880532955959195,9.997614506431292,0.643547096161936
26.45891783567134,8.958379269737804,7.899838494501756,10.016920044973853,0.643547096161936
26.49613512739765,8.97768340708721,7.919142631851161,10.036224182323258,0.643547096161936
26.533352419123958,8.996986143243454,7.938445368007406,10.055526918479503,0.643547096161936
26.57056971085027,9.01628747820655,7.957746702970502,10.074828253442599,0.643547096161936
26.60778700257658,9.035587411976483,7.977046636740434,10.094128187212531,0.643547096161936
26.645004294302886,9.054885944553263,7.996345169317214,10.113426719789311,0.643547096161936
26.682221586029197,9.074183075936883,8.015642300700835,10.132723851172932,0.643547096161936
26.719438877755508,9.09347880612735,8.034938030891302,10.1520195813634,0.643547096161936
26.756656169481815,9.112773135124659,8.05423235988861,10.171313910360707,0.643547096161936
26.793873461208126,9.13206606292881,8.073525287692762,10.19060683816486,0.643547096161936
26.831090752934436,9.151357589539806,8.092816814303758,10.209898364775855,0.643547096161936
26.868308044660747,9.170647714957646,8.112106939721597,10.229188490193694,0.643547096161936
26.905525336387058,9.189936439182333,8.131395663946284,10.248477214418381,0.643547096161936
26.942742628113365,9.209223762213856,8.150682986977808,10.267764537449905,0.643547096161936
26.979959919839676,9.228509684052227,8.169968908816179,10.287050459288276,0.643547096161936
27.017177211565986,9.247794204697442,8.189253429461393,10.30633497993349,0.643547096161936
27.054394503292293,9.2670773241495,8.208536548913452,10.325618099385549,0.643547096161936
27.091611795018604,9.2863590424084,8.227818267172351,10.344899817644448,0.643547096161936
27.128829086744915,9.305639359474146,8.247098584238097,10.364180134710194,0.643547096161936
27.166046378471222,9.324918275346732,8.266377500110684,10.38345905058278,0.643547096161936
27.203263670197533,9.344195790026166,8.285655014790118,10.402736565262215,0.643547096161936
27.240480961923843,9.36347190351244,8.304931128276392,10.422012678748489,0.643547096161936
27.277698253650154,9.382746615805562,8.324205840569514,10.44128739104161,0.643547096161936
27.314915545376465,9.402019926905524,8.343479151669476,10.460560702141573,0.643547096161936
27.352132837102772,9.42129183681233,8.362751061576281,10.479832612048378,0.643547096161936
27.389350128829083,9.44056234552598,8.38202157028993,10.499103120762028,0.643547096161936
27.426567420555394,9.459831453046473,8.401290677810424,10.518372228282521,0.643547096161936
27.4637847122817,9.479099159373806,8.420558384137758,10.537639934609855,0.643547096161936
27.50100200400801,9.498365464507987,8.439824689271939,10.556906239744036,0.643547096161936
27.538219295734322,9.517630368449012,8.459089593212964,10.57617114368506,0.643547096161936
27.57543658746063,9.536893871196877,8.478353095960829,10.595434646432926,0.643547096161936
27.61265387918694,9.55615597275159,8.497615197515541,10.614696747987638,0.643547096161936
27.64987117091325,9.575416673113143,8.516875897877094,10.633957448349191,0.643547096161936
27.68708846263956,9.594675972281543,8.536135197045494,10.653216747517591,0.643547096161936
27.72430575436587,9.61393387025678,8.555393095020731,10.672474645492828,0.643547096161936
27.76152304609218,9.633190367038868,8.57464959180282,10.691731142274916,0.643547096161936
27.79874033781849,9.652445462627796,8.593904687391747,10.710986237863844,0.643547096161936
27.8359576295448,9.671699157023571,8.613158381787523,10.73023993225962,0.643547096161936
27.873174921271108,9.690951450226184,8.632410674990135,10.749492225462232,0.643547096161936
27.91039221299742,9.710202342235643,8.651661566999595,10.768743117471692,0.643547096161936
27.94760950472373,9.729451833051947,8.670911057815898,10.787992608287995,0.643547096161936
27.984826796450037,9.748699922675094,8.690159147439045,10.807240697911142,0.643547096161936
28.022044088176347,9.767946611105081,8.709405835869033,10.82648738634113,0.643547096161936
28.059261379902658,9.787191898341916,8.728651123105868,10.845732673577965,0.643547096161936
28.096478671628965,9.806435784385592,8.747895009149543,10.86497655962164,0.643547096161936
28.133695963355276,9.825678269236114,8.767137494000066,10.884219044472163,0.643547096161936
28.170913255081587,9.844919352893477,8.786378577657429,10.903460128129526,0.643547096161936
28.208130546807897,9.864159035357684,8.805618260121635,10.922699810593732,0.643547096161936
28.245347838534208,9.883397316628738,8.82485654139269,10.941938091864786,0.643547096161936
28.282565130260515,9.902634196706629,8.84409342147058,10.961174971942677,0.643547096161936
28.319782421986826,9.92186967559137,8.863328900355322,10.980410450827419,0.643547096161936
28.356999713713137,9.941103753282949,8.8825629780469,10.999644528518997,0.643547096161936
28.394217005439444,9.960336429781375,8.901795654545326,11.018877205017423,0.643547096161936
28.431434297165755,9.979567705086644,8.921026929850596,11.038108480322693,0.643547096161936
28.468651588892065,9.998797579198758,8.94025680396271,11.057338354434807,0.643547096161936
28.505868880618372,10.018026052117712,8.959485276881663,11.07656682735376,0.643547096161936
28.543086172344683,10.037253123843513,8.978712348607464,11.095793899079561,0.643547096161936
28.580303464070994,10.056478794376154,8.997938019140106,11.115019569612203,0.643547096161936
28.617520755797305,10.075703063715643,9.017162288479595,11.134243838951692,0.643547096161936
28.654738047523615,10.094925931861972,9.036385156625924,11.153466707098021,0.643547096161936
28.691955339249922,10.114147398815145,9.055606623579097,11.172688174051194,0.643547096161936
28.729172630976233,10.133367464575162,9.074826689339114,11.19190823981121,0.643547096161936
28.766389922702544,10.152586129142026,9.094045353905978,11.211126904378075,0.643547096161936
28.80360721442885,10.171803392515727,9.113262617279679,11.230344167751776,0.643547096161936
28.840824506155162,10.191019254696275,9.132478479460227,11.249560029932324,0.643547096161936
28.878041797881473,10.210233715683668,9.151692940447619,11.268774490919716,0.643547096161936
28.91525908960778,10.2294467754779,9.170906000241851,11.287987550713948,0.643547096161936
28.95247638133409,10.24865843407898,9.190117658842931,11.307199209315028,0.643547096161936
28.9896936730604,10.2678686914869,9.209327916250851,11.326409466722948,0.643547096161936
29.026910964786712,10.28707754770167,9.228536772465622,11.34561832293772,0.643547096161936
29.064128256513023,10.306285002723278,9.24774422748723,11.364825777959327,0.643547096161936
29.10134554823933,10.32549105655173,9.266950281315681,11.384031831787778,0.643547096161936
29.13856283996564,10.344695709187025,9.286154933950977,11.403236484423074,0.643547096161936
29.17578013169195,10.363898960629168,9.30535818539312,11.422439735865217,0.643547096161936
29.21299742341826,10.383100810878148,9.324560035642099,11.441641586114196,0.643547096161936
29.25021471514457,10.402301259933978,9.34376048469793,11.460842035170026,0.643547096161936
29.28743200687088,10.421500307796645,9.362959532560597,11.480041083032694,0.643547096161936
29.324649298597187,10.44069795446616,9.382157179230111,11.499238729702208,0.643547096161936
29.361866590323498,10.459894199942518,9.40135342470647,11.518434975178566,0.643547096161936
29.39908388204981,10.47908904422572,9.420548268989672,11.537629819461769,0.643547096161936
29.436301173776116,10.498282487315763,9.439741712079714,11.556823262551811,0.643547096161936
29.47351846550243,10.517474529212656,9.458933753976607,11.576015304448704,0.643547096161936
29.510735757228737,10.536665169916382,9.478124394680334,11.595205945152431,0.643547096161936
29.547953048955048,10.555854409426956,9.497313634190908,11.614395184663005,0.643547096161936
29.58517034068136,10.575042247744378,9.51650147250833,11.633583022980426,0.643547096161936
29.622387632407666,10.59422868486864,9.53568790963259,11.652769460104688,0.643547096161936
29.659604924133976,10.613413720799745,9.554872945563696,11.671954496035793,0.643547096161936
29.696822215860287,10.632597355537694,9.574056580301646,11.691138130773743,0.643547096161936
29.734039507586594,10.651779589082487,9.593238813846439,11.710320364318536,0.643547096161936
29.771256799312905,10.670960421434124,9.612419646198076,11.729501196670173,0.643547096161936
29.808474091039216,10.690139852592605,9.631599077356556,11.748680627828653,0.643547096161936
29.845691382765523,10.709317882557926,9.650777107321877,11.767858657793974,0.643547096161936
29.882908674491837,10.728494511330098,9.66995373609405,11.787035286566146,0.643547096161936
29.920125966218144,10.747669738909106,9.689128963673058,11.806210514145155,0.643547096161936
29.957343257944455,10.766843565294963,9.708302790058914,11.825384340531011,0.643547096161936
29.994560549670766,10.786015990487659,9.72747521525161,11.844556765723707,0.643547096161936
30.031777841397073,10.805187014487203,9.746646239251154,11.863727789723251,0.643547096161936
30.068995133123384,10.824356637293587,9.765815862057538,11.882897412529635,0.643547096161936
30.106212424849694,10.843524858906815,9.784984083670766,11.902065634142863,0.643547096161936
30.143429716576,10.862691679326886,9.804150904090838,11.921232454562935,0.643547096161936
30.180647008302312,10.881857098553802,9.823316323317753,11.94039787378985,0.643547096161936
30.217864300028623,10.901021116587561,9.842480341351513,11.95956189182361,0.643547096161936
30.25508159175493,10.92018373342816,9.861642958192112,11.97872450866421,0.643547096161936
30.292298883481244,10.939344949075611,9.880804173839563,11.99788572431166,0.643547096161936
30.32951617520755,10.958504763529898,9.89996398829385,12.017045538765947,0.643547096161936
30.366733466933862,10.977663176791033,9.919122401554985,12.036203952027082,0.643547096161936
30.403950758660173,10.996820188859008,9.93827941362296,12.055360964095057,0.643547096161936
30.44116805038648,11.01597579973383,9.957435024497782,12.074516574969879,0.643547096161936
30.47838534211279,11.035130009415493,9.976589234179444,12.093670784651541,0.643547096161936
30.5156026338391,11.054282817904003,9.995742042667954,12.112823593140051,0.643547096161936
30.55281992556541,11.07343422519935,10.014893449963301,12.131975000435398,0.643547096161936
30.59003721729172,11.092584231301547,10.034043456065499,12.151125006537596,0.643547096161936
30.62725450901803,11.111732836210585,10.053192060974537,12.170273611446634,0.643547096161936
30.664471800744337,11.130880039926467,10.072339264690418,12.189420815162515,0.643547096161936
30.70168909247065,11.150025842449192,10.091485067213144,12.208566617685241,0.643547096161936
30.73890638419696,11.169170243778762,10.110629468542713,12.22771101901481,0.643547096161936
30.77612367592327,11.188313243915172,10.129772468679123,12.24685401915122,0.643547096161936
30.81334096764958,11.207454842858429,10.14891406762238,12.265995618094477,0.643547096161936
30.850558259375887,11.226595040608526,10.168054265372477,12.285135815844574,0.643547096161936
30.887775551102198,11.245733837165467,10.187193061929419,12.304274612401516,0.643547096161936
30.92499284282851,11.26487123252926,10.20633045729321,12.323412007765308,0.643547096161936
30.962210134554816,11.284007226699885,10.225466451463836,12.342548001935933,0.643547096161936
30.999427426281127,11.30314181967736,10.244601044441312,12.36168259491341,0.643547096161936
31.036644718007437,11.322275011461677,10.263734236225629,12.380815786697726,0.643547096161936
31.073862009733745,11.341406802052838,10.282866026816789,12.399947577288886,0.643547096161936
31.11107930146006,11.360537191450842,10.301996416214793,12.41907796668689,0.643547096161936
31.148296593186366,11.37966617965569,10.321125404419641,12.438206954891738,0.643547096161936
31.185513884912673,11.398793766667378,10.34025299143133,12.457334541903426,0.643547096161936
31.222731176638987,11.417919952485917,10.359379177249869,12.476460727721966,0.643547096161936
31.259948468365295,11.437044737111293,10.378503961875245,12.495585512347342,0.643547096161936
31.297165760091605,11.45616812054352,10.397627345307471,12.514708895779568,0.643547096161936
31.334383051817916,11.475290102782584,10.416749327546535,12.533830878018632,0.643547096161936
31.371600343544223,11.494410683828491,10.435869908592442,12.55295145906454,0.643547096161936
31.408817635270534,11.513529863681242,10.454989088445194,12.57207063891729,0.643547096161936
31.446034926996845,11.53264764234084,10.474106867104792,12.59118841757689,0.643547096161936
31.483252218723152,11.55176401980728,10.493223244571231,12.610304795043328,0.643547096161936
31.520469510449466,11.570878996080562,10.512338220844514,12.629419771316611,0.643547096161936
31.557686802175773,11.589992571160689,10.53145179592464,12.648533346396738,0.643547096161936
31.59490409390208,11.609104745047656,10.550563969811607,12.667645520283704,0.643547096161936
31.632121385628395,11.628215517741477,10.569674742505429,12.686756292977526,0.643547096161936
31.669338677354702,11.647324889242132,10.588784114006083,12.70586566447818,0.643547096161936
31.706555969081013,11.666432859549634,10.607892084313585,12.724973634785682,0.643547096161936
31.743773260807323,11.685539428663976,10.626998653427927,12.744080203900024,0.643547096161936
31.78099055253363,11.704644596585165,10.646103821349117,12.763185371821214,0.643547096161936
31.81820784425994,11.723748363313195,10.665207588077147,12.782289138549244,0.643547096161936
31.855425135986252,11.742850728848072,10.684309953612024,12.80139150408412,0.643547096161936
31.89264242771256,11.76195169318979,10.703410917953741,12.820492468425838,0.643547096161936
31.92985971943887,11.781051256338355,10.722510481102306,12.839592031574403,0.643547096161936
31.96707701116518,11.80014941829376,10.741608643057711,12.858690193529808,0.643547096161936
32.00429430289149,11.819246179056009,10.76070540381996,12.877786954292057,0.643547096161936
32.0415115946178,11.838341538625102,10.779800763389053,12.89688231386115,0.643547096161936
32.07872888634411,11.857435497001038,10.79889472176499,12.915976272237087,0.643547096161936
32.115946178070416,11.876528054183815,10.817987278947767,12.935068829419864,0.643547096161936
32.15316346979673,11.895619210173443,10.837078434937395,12.954159985409492,0.643547096161936
32.19038076152304,11.914708964969908,10.856168189733859,12.973249740205956,0.643547096161936
32.22759805324935,11.93379731857322,10.875256543337171,12.992338093809268,0.643547096161936
32.26481534497566,11.952884270983375,10.894343495747327,13.011425046219424,0.643547096161936
32.302032636701966,11.971969822200368,10.91342904696432,13.030510597436416,0.643547096161936
32.33924992842827,11.991053972224211,10.932513196988163,13.04959474746026,0.643547096161936
32.37646722015459,12.010136721054895,10.951595945818847,13.068677496290944,0.643547096161936
32.413684511880895,12.029218068692426,10.970677293456378,13.087758843928475,0.643547096161936
32.45090180360721,12.048298015136798,10.989757239900749,13.106838790372846,0.643547096161936
32.488119095333516,12.067376560388013,11.008835785151964,13.125917335624061,0.643547096161936
32.52533638705982,12.086453704446072,11.027912929210023,13.14499447968212,0.643547096161936
32.56255367878614,12.105529447310978,11.04698867207493,13.164070222547027,0.643547096161936
32.599770970512445,12.124603788982721,11.066063013746673,13.18314456421877,0.643547096161936
32.63698826223876,12.143676729461315,11.085135954225267,13.202217504697364,0.643547096161936
32.674205553965066,12.162748268746743,11.104207493510694,13.221289043982791,0.643547096161936
32.711422845691374,12.181818406839021,11.123277631602972,13.24035918207507,0.643547096161936
32.74864013741768,12.20088714373814,11.142346368502091,13.259427918974188,0.643547096161936
32.785857429143995,12.219954479444109,11.16141370420806,13.278495254680157,0.643547096161936
32.8230747208703,12.239020413956911,11.180479638720863,13.29756118919296,0.643547096161936
32.86029201259662,12.258084947276565,11.199544172040516,13.316625722512613,0.643547096161936
32.897509304322924,12.277148079403059,11.21860730416701,13.335688854639107,0.643547096161936
32.93472659604923,12.296209810336393,11.237669035100344,13.354750585572441,0.643547096161936
32.971943887775545,12.315270140076578,11.25672936484053,13.373810915312626,0.643547096161936
33.00916117950185,12.3343290686236,11.275788293387551,13.392869843859648,0.643547096161936
33.04637847122817,12.353386595977476,11.294845820741427,13.411927371213524,0.643547096161936
33.083595762954474,12.372442722138182,11.313901946902133,13.43098349737423,0.643547096161936
33.12081305468078,12.391497447105738,11.33295667186969,13.450038222341787,0.643547096161936
33.15803034640709,12.410550770880135,11.352009995644087,13.469091546116184,0.643547096161936
33.1952476381334,12.429602693461383,11.371061918225335,13.488143468697432,0.643547096161936
33.23246492985971,12.448653214849468,11.39011243961342,13.507193990085517,0.643547096161936
33.269682221586024,12.4677023350444,11.409161559808352,13.526243110280449,0.643547096161936
33.30689951331233,12.486750054046173,11.428209278810124,13.545290829282221,0.643547096161936
33.34411680503864,12.505796371854789,11.44725559661874,13.564337147090837,0.643547096161936
33.38133409676495,12.524841288470249,11.4663005132342,13.583382063706297,0.643547096161936
33.41855138849126,12.543884803892556,11.485344028656508,13.602425579128605,0.643547096161936
33.455768680217574,12.562926918121704,11.504386142885656,13.621467693357753,0.643547096161936
33.49298597194388,12.581967631157696,11.523426855921647,13.640508406393744,0.643547096161936
33.53020326367019,12.601006943000527,11.542466167764479,13.659547718236576,0.643547096161936
33.567420555396495,12.620044853650203,11.561504078414155,13.678585628886252,0.643547096161936
33.60463784712281,12.63908136310673,11.580540587870681,13.697622138342778,0.643547096161936
33.64185513884912,12.65811647137009,11.59957569613404,13.716657246606138,0.643547096161936
33.67907243057543,12.677150178440304,11.618609403204255,13.735690953676352,0.643547096161936
33.71628972230174,12.696182484317355,11.637641709081306,13.754723259553403,0.643547096161936
33.753507014028045,12.71521338900125,11.6566726137652,13.773754164237298,0.643547096161936
33.79072430575436,12.734242892491991,11.675702117255943,13.79278366772804,0.643547096161936
33.82794159748067,12.753270994789574,11.694730219553525,13.811811770025622,0.643547096161936
33.86515888920698,12.772297695894004,11.713756920657955,13.830838471130052,0.643547096161936
33.90237618093329,12.791322995805274,11.732782220569225,13.849863771041322,0.643547096161936
33.939593472659595,12.810346894523384,11.751806119287336,13.868887669759433,0.643547096161936
33.9768107643859,12.829369392048342,11.770828616812294,13.88791016728439,0.643547096161936
34.01402805611222,12.848390488380144,11.789849713144095,13.906931263616192,0.643547096161936
34.051245347838524,12.867410183518789,11.80886940828274,13.925950958754838,0.643547096161936
34.08846263956484,12.886428477464278,11.82788770222823,13.944969252700327,0.643547096161936
34.125679931291145,12.905445370216608,11.84690459498056,13.963986145452656,0.643547096161936
34.16289722301745,12.924460861775781,11.865920086539733,13.98300163701183,0.643547096161936
34.20011451474377,12.943474952141802,11.884934176905753,14.00201572737785,0.643547096161936
34.237331806470074,12.962487641314663,11.903946866078615,14.021028416550712,0.643547096161936
34.27454909819639,12.981498929294371,11.922958154058323,14.04003970453042,0.643547096161936
34.311766389922695,13.00050881608092,11.941968040844872,14.059049591316969,0.643547096161936
34.348983681649,13.019517301674309,11.96097652643826,14.078058076910358,0.643547096161936
34.38620097337531,13.038524386074545,11.979983610838497,14.097065161310594,0.643547096161936
34.423418265101624,13.057530069281626,11.998989294045577,14.116070844517674,0.643547096161936
34.46063555682793,13.07653435129555,12.017993576059501,14.135075126531598,0.643547096161936
34.497852848554245,13.095537232116317,12.036996456880269,14.154078007352366,0.643547096161936
34.53507014028055,13.11453871174393,12.05599793650788,14.173079486979978,0.643547096161936
34.57228743200686,13.133538790178381,12.074998014942333,14.19207956541443,0.643547096161936
34.609504723733174,13.152537467419684,12.093996692183635,14.211078242655732,0.643547096161936
34.64672201545948,13.17153474346782,12.112993968231772,14.230075518703869,0.643547096161936
34.683939307185796,13.19053061832281,12.131989843086762,14.249071393558859,0.643547096161936
34.7211565989121,13.209525091984634,12.150984316748586,14.268065867220683,0.643547096161936
34.75837389063841,13.228518164453309,12.16997738921726,14.287058939689357,0.643547096161936
34.79559118236472,13.24750983572882,12.188969060492772,14.306050610964869,0.643547096161936
34.83280847409103,13.266500105811183,12.207959330575134,14.325040881047231,0.643547096161936
34.87002576581734,13.285488974700382,12.226948199464333,14.34402974993643,0.643547096161936
34.90724305754365,13.304476442396432,12.245935667160383,14.36301721763248,0.643547096161936
34.94446034926996,13.323462508899322,12.264921733663273,14.38200328413537,0.643547096161936
34.98167764099627,13.342447174209049,12.283906398973,14.400987949445097,0.643547096161936
35.01889493272258,13.36143043832563,12.302889663089582,14.419971213561679,0.643547096161936
35.05611222444889,13.380412301249049,12.321871526013,14.438953076485097,0.643547096161936
35.0933295161752,13.399392762979318,12.34085198774327,14.457933538215366,0.643547096161936
35.13054680790151,13.41837182351642,12.359831048280371,14.476912598752468,0.643547096161936
35.16776409962782,13.437349482860373,12.378808707624325,14.495890258096422,0.643547096161936
35.204981391354124,13.456325741011163,12.397784965775115,14.514866516247212,0.643547096161936
35.24219868308044,13.475300597968808,12.41675982273276,14.533841373204856,0.643547096161936
35.279415974806746,13.494274053733285,12.435733278497237,14.552814828969334,0.643547096161936
35.31663326653306,13.513246108304614,12.454705333068565,14.571786883540662,0.643547096161936
35.35385055825937,13.532216761682779,12.47367598644673,14.590757536918828,0.643547096161936
35.391067849985674,13.551186013867792,12.492645238631743,14.60972678910384,0.643547096161936
35.42828514171199,13.570153864859648,12.5116130896236,14.628694640095697,0.643547096161936
35.465502433438296,13.589120314658349,12.5305795394223,14.647661089894397,0.643547096161936
35.50271972516461,13.608085363263893,12.549544588027844,14.666626138499941,0.643547096161936
35.53993701689092,13.62704901067628,12.568508235440232,14.68558978591233,0.643547096161936
35.577154308617224,13.646011256895505,12.587470481659457,14.704552032131554,0.643547096161936
35.61437160034353,13.664972101921578,12.606431326685529,14.723512877157626,0.643547096161936
35.651588892069846,13.683931545754497,12.625390770518448,14.742472320990545,0.643547096161936
35.68880618379615,13.702889588394257,12.644348813158208,14.761430363630305,0.643547096161936
35.72602347552247,13.721846229840864,12.663305454604815,14.780387005076912,0.643547096161936
35.763240767248774,13.740801470094308,12.68226069485826,14.799342245330356,0.643547096161936
35.80045805897508,13.759755309154599,12.70121453391855,14.818296084390647,0.643547096161936
35.837675350701396,13.778707747021734,12.720166971785686,14.837248522257783,0.643547096161936
35.8748926424277,13.797658783695713,12.739118008459664,14.856199558931761,0.643547096161936
35.91210993415402,13.816608419176536,12.758067643940487,14.875149194412584,0.643547096161936
35.949327225880324,13.835556653464202,12.777015878228154,14.89409742870025,0.643547096161936
35.98654451760663,13.85450348655871,12.79596271132266,14.913044261794758,0.643547096161936
36.02376180933294,13.873448918460063,12.814908143224015,14.931989693696112,0.643547096161936
36.06097910105925,13.892392949168258,12.83385217393221,14.950933724404306,0.643547096161936
36.09819639278556,13.9113355786833,12.852794803447251,14.969876353919348,0.643547096161936
36.135413684511875,13.930276807005182,12.871736031769133,14.98881758224123,0.643547096161936
36.17263097623818,13.949216634133911,12.890675858897863,15.00775740936996,0.643547096161936
36.20984826796449,13.968155060069478,12.90961428483343,15.026695835305526,0.643547096161936
36.2470655596908,13.987092084811891,12.928551309575843,15.04563286004794,0.643547096161936
36.28428285141711,14.006027708361149,12.9474869331251,15.064568483597197,0.643547096161936
36.32150014314342,14.024961930717247,12.966421155481198,15.083502705953295,0.643547096161936
36.35871743486973,14.043894751880195,12.985353976644147,15.102435527116244,0.643547096161936
36.39593472659604,14.06282617184998,13.004285396613932,15.12136694708603,0.643547096161936
36.433152018322346,14.081756190626614,13.023215415390565,15.140296965862662,0.643547096161936
36.47036931004866,14.10068480821009,13.042144032974042,15.159225583446139,0.643547096161936
36.50758660177497,14.119612024600407,13.061071249364359,15.178152799836456,0.643547096161936
36.54480389350128,14.138537839797571,13.079997064561523,15.19707861503362,0.643547096161936
36.58202118522759,14.157462253801576,13.098921478565527,15.216003029037624,0.643547096161936
36.619238476953896,14.176385266612424,13.117844491376376,15.234926041848473,0.643547096161936
36.65645576868021,14.19530687823012,13.136766102994072,15.253847653466169,0.643547096161936
36.69367306040652,14.214227088654653,13.155686313418604,15.272767863890701,0.643547096161936
36.730890352132825,14.233145897886033,13.174605122649984,15.291686673122081,0.643547096161936
36.76810764385914,14.252063305924256,13.193522530688208,15.310604081160305,0.643547096161936
36.805324935585446,14.270979312769327,13.212438537533279,15.329520088005376,0.643547096161936
36.84254222731175,14.289893918421232,13.231353143185183,15.34843469365728,0.643547096161936
36.87975951903807,14.30880712287999,13.250266347643942,15.367347898116039,0.643547096161936
36.916976810764375,14.327718926145586,13.269178150909537,15.386259701381634,0.643547096161936
36.95419410249069,14.346629328218029,13.28808855298198,15.405170103454077,0.643547096161936
36.991411394216996,14.365538329097312,13.306997553861263,15.42407910433336,0.643547096161936
37.0286286859433,14.384445928783439,13.32590515354739,15.442986704019487,0.643547096161936
37.06584597766961,14.40335212727641,13.344811352040361,15.461892902512458,0.643547096161936
37.103063269395925,14.422256924576228,13.36371614934018,15.480797699812276,0.643547096161936
37.14028056112223,14.441160320682886,13.382619545446838,15.499701095918935,0.643547096161936
37.177497852848546,14.460062315596389,13.40152154036034,15.518603090832437,0.643547096161936
37.21471514457485,14.478962909316735,13.420422134080686,15.537503684552783,0.643547096161936
37.25193243630116,14.497862101843921,13.439321326607873,15.55640287707997,0.643547096161936
37.289149728027475,14.516759893177959,13.45821911794191,15.575300668414007,0.643547096161936
37.32636701975378,14.535656283318833,13.477115508082784,15.594197058554881,0.643547096161936
37.363584311480096,14.554551272266558,13.49601049703051,15.613092047502606,0.643547096161936
37.4008016032064,14.57344486002112,13.514904084785071,15.631985635257168,0.643547096161936
37.43801889493271,14.592337046582529,13.53379627134648,15.650877821818577,0.643547096161936
37.47523618665902,14.611227831950774,13.552687056714726,15.669768607186823,0.643547096161936
37.51245347838533,14.630117216125875,13.571576440889826,15.688657991361923,0.643547096161936
37.549670770111646,14.649005199107812,13.590464423871763,15.70754597434386,0.643547096161936
37.58688806183795,14.667891780896593,13.609351005660544,15.726432556132641,0.643547096161936
37.62410535356426,14.686776961492217,13.628236186256169,15.745317736728266,0.643547096161936
37.66132264529057,14.705660740894682,13.647119965658634,15.764201516130731,0.643547096161936
37.69853993701688,14.724543119103998,13.66600234386795,15.783083894340047,0.643547096161936
37.73575722874319,14.743424096120151,13.684883320884103,15.8019648713562,0.643547096161936
37.7729745204695,14.762303671943155,13.703762896707106,15.820844447179203,0.643547096161936
37.81019181219581,14.781181846572995,13.722641071336946,15.839722621809043,0.643547096161936
37.84740910392212,14.800058620009679,13.74151784477363,15.858599395245728,0.643547096161936
37.884626395648425,14.818933992253207,13.760393217017159,15.877474767489256,0.643547096161936
37.92184368737474,14.837807963303586,13.779267188067537,15.896348738539634,0.643547096161936
37.959060979101054,14.856680533160802,13.798139757924753,15.91522130839685,0.643547096161936
37.99627827082736,14.875551701824865,13.817010926588816,15.934092477060913,0.643547096161936
38.03349556255367,14.894421469295764,13.835880694059716,15.952962244531813,0.643547096161936
38.070712854279975,14.913289835573512,13.854749060337463,15.97183061080956,0.643547096161936
38.10793014600629,14.932156800658106,13.873616025422058,15.990697575894155,0.643547096161936
38.1451474377326,14.95102236454954,13.892481589313492,16.009563139785588,0.643547096161936
38.18236472945891,14.96988652724782,13.911345752011771,16.028427302483866,0.643547096161936
38.21958202118522,14.988749288752942,13.930208513516893,16.04729006398899,0.643547096161936
38.256799312911525,15.007610649064905,13.949069873828856,16.06615142430095,0.643547096161936
38.29401660463783,15.026470608183708,13.967929832947659,16.085011383419754,0.643547096161936
38.33123389636415,15.045329166109365,13.986788390873317,16.103869941345412,0.643547096161936
38.36845118809046,15.064186322841863,14.005645547605814,16.12272709807791,0.643547096161936
38.40566847981677,15.083042078381204,14.024501303145156,16.14158285361725,0.643547096161936
38.442885771543075,15.101896432727383,14.043355657491334,16.16043720796343,0.643547096161936
38.48010306326938,15.120749385880409,14.06220861064436,16.179290161116455,0.643547096161936
38.51732035499569,15.139600937840278,14.08106016260423,16.198141713076325,0.643547096161936
38.554537646722004,15.158451088606995,14.099910313370946,16.21699186384304,0.643547096161936
38.59175493844832,15.177299838180552,14.118759062944504,16.2358406134166,0.643547096161936
38.628972230174625,15.196147186560953,14.137606411324905,16.254687961797,0.643547096161936
38.66618952190093,15.214993133748195,14.156452358512146,16.27353390898424,0.643547096161936
38.70340681362724,15.233837679742283,14.175296904506235,16.29237845497833,0.643547096161936
38.740624105353554,15.252680824543216,14.194140049307167,16.311221599779262,0.643547096161936
38.77784139707987,15.271522568150996,14.212981792914947,16.330063343387042,0.643547096161936
38.815058688806175,15.290362910565612,14.231822135329564,16.34890368580166,0.643547096161936
38.85227598053248,15.309201851787073,14.250661076551024,16.36774262702312,0.643547096161936
38.88949327225879,15.328039391815377,14.269498616579328,16.386580167051424,0.643547096161936
38.9267105639851,15.346875530650525,14.288334755414477,16.405416305886572,0.643547096161936
38.96392785571141,15.36571026829252,14.307169493056472,16.424251043528567,0.643547096161936
39.001145147437725,15.384543604741356,14.326002829505308,16.443084379977403,0.643547096161936
39.03836243916403,15.403375539997036,14.344834764760988,16.461916315233083,0.643547096161936
39.07557973089034,15.422206074059556,14.363665298823507,16.480746849295603,0.643547096161936
39.11279702261665,15.441035206928923,14.382494431692875,16.49957598216497,0.643547096161936
39.15001431434296,15.459862938605134,14.401322163369086,16.51840371384118,0.643547096161936
39.187231606069275,15.478689269088193,14.420148493852144,16.53723004432424,0.643547096161936
39.22444889779558,15.497514198378088,14.43897342314204,16.556054973614135,0.643547096161936
39.26166618952189,15.51633772647483,14.457796951238782,16.574878501710877,0.643547096161936
39.2988834812482,15.535159853378413,14.476619078142365,16.59370062861446,0.643547096161936
39.336100772974504,15.55398057908884,14.495439803852792,16.612521354324887,0.643547096161936
39.37331806470082,15.572799903606114,14.514259128370066,16.63134067884216,0.643547096161936
39.41053535642713,15.591617826930232,14.533077051694184,16.65015860216628,0.643547096161936
39.44775264815344,15.61043434906119,14.551893573825142,16.668975124297237,0.643547096161936
39.48496993987975,15.629249469998992,14.570708694762944,16.68779024523504,0.643547096161936
39.522187231606054,15.648063189743635,14.589522414507586,16.70660396497968,0.643547096161936
39.55940452333237,15.666875508295128,14.60833473305908,16.725416283531175,0.643547096161936
39.59662181505868,15.685686425653461,14.627145650417413,16.744227200889508,0.643547096161936
39.63383910678499,15.704495941818639,14.64595516658259,16.763036717054685,0.643547096161936
39.6710563985113,15.723304056790656,14.664763281554608,16.781844832026703,0.643547096161936
39.708273690237604,15.742110770569518,14.68356999533347,16.800651545805565,0.643547096161936
39.74549098196391,15.760916083155227,14.702375307919178,16.819456858391273,0.643547096161936
39.782708273690226,15.779719994547776,14.721179219311727,16.838260769783822,0.643547096161936
39.81992556541654,15.798522504747176,14.739981729511127,16.857063279983223,0.643547096161936
39.85714285714285,15.817323613753409,14.75878283851736,16.875864388989456,0.643547096161936
